Gene	Position	Rule	Correct	N_Regulators	MSE	Score	n_top_combos
ABA4	5	ABCG31 | ~ABF3	3	2		1.9375	1
ABCG31	14	ABF4 & CYP707A3	3	2		1.9375	1
ABF3	13	ABA4 | HB6	3	2		1.9375	1
ABF4	5	ABF3 | MYB44	3	2		1.9375	1
CYP707A3	1	ABA4 & ~ABF3	3	2		1.9375	1
DREB2A	14	ABA4 & MYB44	3	2		1.9375	1
FBH3	9	ABF3 & HB6	3	2		1.9375	1
HB5	3	DREB2A | ~ABF3	3	2		1.9375	1
HB6	5	FBH3 | HB7	3	2		1.9375	1
HB7	1	~ABF3 & ~MYB44	3	2		1.9375	1
MYB44	17	ABA4 | FBH3	3	2		1.9375	1
PP2C5	26	CYP707A3 & FBH3	3	2		1.9375	1
ZAT6	14	ABF3 | MYB44	3	2		1.9375	1
